neighbourhood,side
Albany Park,north west
Andersonville,far north
Archer Heights,south
Armour Square,south
Ashburn,south
Auburn Gresham,south
Austin,west
Avalon Park,far southeast
Avondale,north west
Back of the Yards,south west
Belmont Cragin,north west
Beverly,south west
Boystown,north
Bridgeport,south
Brighton Park,south west
Bronzeville,south
Bucktown,north
Calumet Heights,south
Chatham,south
Chinatown,south
Clearing,south west
Dunning,north west
Edgewater,north
Edison Park,far north
Englewood,south
Gage Park,south west
Galewood,west
Garfield Park,west
Garfield Ridge,south west
Gold Coast,north
Grand Crossing,south
Hegewisch,south
Hermosa,north west
Humboldt Park,west
Hyde Park,south
Irving Park,north west
Jefferson Park,north west
Kenwood,south
Lakeview,north
Lincoln Park,north
Lincoln Square,far north
Little Italy/UIC,west
Little Village,west
Logan Square,north west
Loop,central
Marquette Park,south west
McKinley Park,south west
Montclare,north west
Morgan Park,south
NA,other
Near North Side,central
Near West Side,west
North Center,central
North Lawndale,west
North Park,north
Norwood Park,north west
O'Hare,far north
Oakland,south
Old Town,north
Pilsen,west
Portage Park,north west
Pullman,south
River North,central
River West,central
Riverdale,south
Rogers Park,far north
Roscoe Village,north
Roseland,south
Sauganash,north west
South Chicago,south
South Deering,south
South Loop/Printers Row,south
South Shore,south
Streeterville,north
Ukrainian Village,west
Uptown,north
Washington Heights,south
Washington Park,south
West Elsdon,south west
West Lawn,south west
West Loop/Greektown,west
West Pullman,south
West Ridge,far north
West Town/Noble Square,west
Wicker Park,west
Woodlawn,south
Wrigleyville,north